unidade_norm,unidade_original,classificacao,quantidade_magistrados,quantidade,percentual_total,diferenca_absoluta_media,diferenca_percentual_media,processos_por_magistrado,diferenca_absoluta_media_magistrado,diferenca_percentual_media_magistrado,cenario
1 VARA DO TRABALHO DE BALNEARIO CAMBORIU,1ª VARA DO TRABALHO DE BALNEÁRIO CAMBORIÚ,NEUTRA,2.0,215,1.8742916920931045,23.816666666666663,12.45750152558626,107.5,-6.074257425742573,-5.348269549298229,COM_EQUALIZACAO
1 VARA DO TRABALHO DE BLUMENAU,1ª VARA DO TRABALHO DE BLUMENAU,DESTINATARIA,2.0,215,1.8742916920931045,23.816666666666663,12.45750152558626,107.5,-6.074257425742573,-5.348269549298229,COM_EQUALIZACAO
1 VARA DO TRABALHO DE BRUSQUE,1ª VARA DO TRABALHO DE BRUSQUE,DESTINATARIA,2.0,310,2.7024670909249413,118.81666666666666,62.148025455496466,155.0,41.42574257425743,36.47458809170953,COM_EQUALIZACAO
1 VARA DO TRABALHO DE CHAPECO,1ª VARA DO TRABALHO DE CHAPECÓ,CEDENTE,1.0,141,1.2291866445819895,-50.18333333333334,-26.24880132508064,141.0,27.425742574257427,24.147851102780926,COM_EQUALIZACAO
1 VARA DO TRABALHO DE CRICIUMA,1ª VARA DO TRABALHO DE CRICIÚMA,NEUTRA,2.0,260,2.2665853020660798,68.81666666666666,35.99511812396477,130.0,16.425742574257427,14.462557754337023,COM_EQUALIZACAO
1 VARA DO TRABALHO DE FLORIANOPOLIS,1ª VARA DO TRABALHO DE FLORIANÓPOLIS,NEUTRA,1.0,117,1.019963385929736,-74.18333333333334,-38.80219684421585,117.0,3.425742574257427,3.0163019789033227,COM_EQUALIZACAO
1 VARA DO TRABALHO DE ITAJAI,1ª VARA DO TRABALHO DE ITAJAÍ,NEUTRA,2.0,189,1.6476331618864963,-2.183333333333337,-1.142010286810219,94.5,-19.074257425742573,-16.794525324731932,COM_EQUALIZACAO
1 VARA DO TRABALHO DE JARAGUA DO SUL,1ª VARA DO TRABALHO DE JARAGUÁ DO SUL,NEUTRA,2.0,150,1.3076453665765844,-41.18333333333334,-21.541278005404934,75.0,-38.57425742574257,-33.96390898788248,COM_EQUALIZACAO
1 VARA DO TRABALHO DE JOINVILLE,1ª VARA DO TRABALHO DE JOINVILLE,CEDENTE,2.0,226,1.9701856856420539,34.81666666666666,18.211141138523228,113.0,-0.574257425742573,-0.5056228750762782,COM_EQUALIZACAO
1 VARA DO TRABALHO DE LAGES,1ª VARA DO TRABALHO DE LAGES,DESTINATARIA,1.0,140,1.2204690088048122,-51.18333333333334,-26.771859471711274,140.0,26.425742574257427,23.267369889286027,COM_EQUALIZACAO
1 VARA DO TRABALHO DE RIO DO SUL,1ª VARA DO TRABALHO DE RIO DO SUL,NEUTRA,2.0,188,1.6389155261093191,-3.183333333333337,-1.6650684334408528,94.0,-19.574257425742573,-17.23476593147938,COM_EQUALIZACAO
1 VARA DO TRABALHO DE TUBARAO,1ª VARA DO TRABALHO DE TUBARÃO,DESTINATARIA,2.0,210,1.8307035132072182,18.816666666666663,9.84221079243309,105.0,-8.574257425742573,-7.54947258303548,COM_EQUALIZACAO
1 VARA DO TRABALHO SAO JOSE,1ª VARA DO TRABALHO SÃO JOSÉ,NEUTRA,2.0,220,1.9178798709789904,28.816666666666663,15.072792258739428,110.0,-3.574257425742573,-3.147066515560979,COM_EQUALIZACAO
2 VARA DO TRABALHO DE BALNEARIO CAMBORIU,2ª VARA DO TRABALHO DE BALNEÁRIO CAMBORIÚ,NEUTRA,2.0,221,1.9265975067561676,29.816666666666663,15.595850405370063,110.5,-3.074257425742573,-2.7068259088135287,COM_EQUALIZACAO
2 VARA DO TRABALHO DE BLUMENAU,2ª VARA DO TRABALHO DE BLUMENAU,DESTINATARIA,2.0,207,1.8045506058756866,15.816666666666663,8.273036352541189,103.5,-10.074257425742573,-8.87019440327783,COM_EQUALIZACAO
2 VARA DO TRABALHO DE BRUSQUE,2ª VARA DO TRABALHO DE BRUSQUE,DESTINATARIA,1.0,170,1.481998082120129,-21.183333333333337,-11.08011507279226,170.0,56.42574257425743,49.68180629413303,COM_EQUALIZACAO
2 VARA DO TRABALHO DE CHAPECO,2ª VARA DO TRABALHO DE CHAPECÓ,CEDENTE,1.0,148,1.29021009502223,-43.18333333333334,-22.5873942986662,148.0,34.42574257425743,30.311219597245227,COM_EQUALIZACAO
2 VARA DO TRABALHO DE CRICIUMA,2ª VARA DO TRABALHO DE CRICIÚMA,NEUTRA,2.0,153,1.333798273908116,-38.18333333333334,-19.972103565513034,76.5,-37.07425742574257,-32.643187167640136,COM_EQUALIZACAO
2 VARA DO TRABALHO DE FLORIANOPOLIS,2ª VARA DO TRABALHO DE FLORIANÓPOLIS,NEUTRA,2.0,197,1.717374248103914,5.816666666666663,3.042454886234851,98.5,-15.074257425742573,-13.27260047075233,COM_EQUALIZACAO
2 VARA DO TRABALHO DE ITAJAI,2ª VARA DO TRABALHO DE ITAJAÍ,NEUTRA,2.0,272,2.3711969313922063,80.81666666666666,42.27181588353238,136.0,22.425742574257427,19.745445035306428,COM_EQUALIZACAO
2 VARA DO TRABALHO DE JARAGUA DO SUL,2ª VARA DO TRABALHO DE JARAGUÁ DO SUL,NEUTRA,2.0,154,1.3425159096852932,-37.18333333333334,-19.449045418882402,77.0,-36.57425742574257,-32.202946560892684,COM_EQUALIZACAO
2 VARA DO TRABALHO DE JOINVILLE,2ª VARA DO TRABALHO DE JOINVILLE,CEDENTE,2.0,220,1.9178798709789904,28.816666666666663,15.072792258739428,110.0,-3.574257425742573,-3.147066515560979,COM_EQUALIZACAO
2 VARA DO TRABALHO DE LAGES,2ª VARA DO TRABALHO DE LAGES,DESTINATARIA,2.0,169,1.4732804463429516,-22.183333333333337,-11.603173219422894,84.5,-29.074257425742573,-25.59933745968093,COM_EQUALIZACAO
2 VARA DO TRABALHO DE RIO DO SUL,2ª VARA DO TRABALHO DE RIO DO SUL,NEUTRA,2.0,190,1.6563507976636735,-1.1833333333333371,-0.6189521401795852,95.0,-18.574257425742573,-16.354284717984484,COM_EQUALIZACAO
2 VARA DO TRABALHO DE TUBARAO,2ª VARA DO TRABALHO DE TUBARÃO,DESTINATARIA,2.0,147,1.2814924592450527,-44.18333333333334,-23.110452445296836,73.5,-40.07425742574257,-35.28463080812483,COM_EQUALIZACAO
2 VARA DO TRABALHO SAO JOSE,2ª VARA DO TRABALHO SÃO JOSÉ,NEUTRA,2.0,223,1.9440327783105222,31.816666666666663,16.64196669863133,111.5,-2.074257425742573,-1.8263446953186286,COM_EQUALIZACAO
3 VARA DO TRABALHO DE BLUMENAU,3ª VARA DO TRABALHO DE BLUMENAU,DESTINATARIA,2.0,213,1.8568564205387499,21.816666666666663,11.411385232324992,106.5,-7.074257425742573,-6.22875076279313,COM_EQUALIZACAO
3 VARA DO TRABALHO DE CHAPECO,3ª VARA DO TRABALHO DE CHAPECÓ,CEDENTE,1.0,153,1.333798273908116,-38.18333333333334,-19.972103565513034,153.0,39.42574257425743,34.71362566471973,COM_EQUALIZACAO
3 VARA DO TRABALHO DE CRICIUMA,3ª VARA DO TRABALHO DE CRICIÚMA,NEUTRA,2.0,249,2.17069130851713,57.81666666666666,30.241478511027807,124.5,10.925742574257427,9.619911080115074,COM_EQUALIZACAO
3 VARA DO TRABALHO DE FLORIANOPOLIS,3ª VARA DO TRABALHO DE FLORIANÓPOLIS,NEUTRA,1.0,116,1.0112457501525587,-75.18333333333334,-39.32525499084648,116.0,2.425742574257427,2.1358207654084227,COM_EQUALIZACAO
3 VARA DO TRABALHO DE ITAJAI,3ª VARA DO TRABALHO DE ITAJAÍ,NEUTRA,2.0,285,2.4845261964955108,93.81666666666666,49.07157178973062,142.5,28.925742574257427,25.468572923023274,COM_EQUALIZACAO
3 VARA DO TRABALHO DE JOINVILLE,3ª VARA DO TRABALHO DE JOINVILLE,CEDENTE,2.0,227,1.978903321419231,35.81666666666666,18.734199285153863,113.5,-0.07425742574257299,-0.06538226832882811,COM_EQUALIZACAO
3 VARA DO TRABALHO DE LAGES,3ª VARA DO TRABALHO DE LAGES,DESTINATARIA,2.0,180,1.5691744398919012,-11.183333333333337,-5.849533606485923,90.0,-23.574257425742573,-20.756690785458982,COM_EQUALIZACAO
3 VARA DO TRABALHO SAO JOSE,3ª VARA DO TRABALHO SÃO JOSÉ,NEUTRA,2.0,217,1.891726963647459,25.816666666666663,13.503617818847527,108.5,-5.074257425742573,-4.467788335803329,COM_EQUALIZACAO
4 VARA DO TRABALHO DE BLUMENAU,4ª VARA DO TRABALHO DE BLUMENAU,DESTINATARIA,2.0,209,1.821985877430041,17.816666666666663,9.319152645802456,104.5,-9.074257425742573,-7.989713189782929,COM_EQUALIZACAO
4 VARA DO TRABALHO DE CHAPECO,4ª VARA DO TRABALHO DE CHAPECÓ,CEDENTE,1.0,143,1.2466219161363439,-48.18333333333334,-25.20268503181937,143.0,29.425742574257427,25.90881352977073,COM_EQUALIZACAO
4 VARA DO TRABALHO DE FLORIANOPOLIS,4ª VARA DO TRABALHO DE FLORIANÓPOLIS,NEUTRA,1.0,114,0.9938104785982042,-77.18333333333334,-40.37137128410775,114.0,0.425742574257427,0.374858338418622,COM_EQUALIZACAO
4 VARA DO TRABALHO DE JOINVILLE,4ª VARA DO TRABALHO DE JOINVILLE,CEDENTE,2.0,221,1.9265975067561676,29.816666666666663,15.595850405370063,110.5,-3.074257425742573,-2.7068259088135287,COM_EQUALIZACAO
5 VARA DO TRABALHO DE FLORIANOPOLIS,5ª VARA DO TRABALHO DE FLORIANÓPOLIS,NEUTRA,2.0,189,1.6476331618864963,-2.183333333333337,-1.142010286810219,94.5,-19.074257425742573,-16.794525324731932,COM_EQUALIZACAO
5 VARA DO TRABALHO DE JOINVILLE,5ª VARA DO TRABALHO DE JOINVILLE,CEDENTE,2.0,222,1.9353151425333448,30.816666666666663,16.118908552000697,111.0,-2.574257425742573,-2.2665853020660784,COM_EQUALIZACAO
6 VARA DO TRABALHO DE FLORIANOPOLIS,6ª VARA DO TRABALHO DE FLORIANÓPOLIS,NEUTRA,2.0,199,1.734809519658269,7.816666666666663,4.088571179496118,99.5,-14.074257425742573,-12.39211925725743,COM_EQUALIZACAO
7 VARA DO TRABALHO DE FLORIANOPOLIS,7ª VARA DO TRABALHO DE FLORIANÓPOLIS,NEUTRA,1.0,115,1.0025281143753813,-76.18333333333334,-39.84831313747711,115.0,1.425742574257427,1.2553395519135222,COM_EQUALIZACAO
VARA DO TRABALHO DE ARARANGUA,VARA DO TRABALHO DE ARARANGUÁ,DESTINATARIA,2.0,265,2.310173480951966,73.81666666666666,38.610408857117946,132.5,18.925742574257427,16.663760788074274,COM_EQUALIZACAO
VARA DO TRABALHO DE CACADOR,VARA DO TRABALHO DE CAÇADOR,NEUTRA,1.0,157,1.368668817016825,-34.18333333333334,-17.8798709789905,157.0,43.42574257425743,38.23555051869933,COM_EQUALIZACAO
VARA DO TRABALHO DE CANOINHAS,VARA DO TRABALHO DE CANOINHAS,DESTINATARIA,2.0,198,1.7260918838810912,6.816666666666663,3.5655130328654847,99.0,-14.574257425742573,-12.83235986400488,COM_EQUALIZACAO
VARA DO TRABALHO DE CONCORDIA,VARA DO TRABALHO DE CONCÓRDIA,CEDENTE,2.0,240,2.092232586522535,48.81666666666666,25.533955191352103,120.0,6.425742574257427,5.657745619388023,COM_EQUALIZACAO
VARA DO TRABALHO DE CURITIBANOS,VARA DO TRABALHO DE CURITIBANOS,DESTINATARIA,1.0,138,1.2030337372504576,-53.18333333333334,-27.81797576497254,138.0,24.425742574257427,21.506407462296227,COM_EQUALIZACAO
VARA DO TRABALHO DE FRAIBURGO,VARA DO TRABALHO DE FRAIBURGO,DESTINATARIA,1.0,143,1.2466219161363439,-48.18333333333334,-25.20268503181937,143.0,29.425742574257427,25.90881352977073,COM_EQUALIZACAO
VARA DO TRABALHO DE IMBITUBA,VARA DO TRABALHO DE IMBITUBA,CEDENTE,1.0,132,1.1507279225873943,-59.18333333333334,-30.956324644756343,132.0,18.425742574257427,16.223520181326826,COM_EQUALIZACAO
VARA DO TRABALHO DE INDAIAL,VARA DO TRABALHO DE INDAIAL,DESTINATARIA,1.0,102,0.8891988492720774,-89.18333333333334,-46.648069043675356,102.0,-11.574257425742573,-10.19091622352018,COM_EQUALIZACAO
VARA DO TRABALHO DE ITAPEMA,VARA DO TRABALHO DE ITAPEMA,CEDENTE,2.0,254,2.2142794874030165,62.81666666666666,32.85676924418098,127.0,13.425742574257427,11.821114113852325,COM_EQUALIZACAO
VARA DO TRABALHO DE JOACABA,VARA DO TRABALHO DE JOAÇABA,NEUTRA,2.0,229,1.9963385929735855,37.81666666666666,19.78031557841513,114.5,0.925742574257427,0.815098945166072,COM_EQUALIZACAO
VARA DO TRABALHO DE MAFRA,VARA DO TRABALHO DE MAFRA,DESTINATARIA,2.0,215,1.8742916920931045,23.816666666666663,12.45750152558626,107.5,-6.074257425742573,-5.348269549298229,COM_EQUALIZACAO
VARA DO TRABALHO DE NAVEGANTES,VARA DO TRABALHO DE NAVEGANTES,CEDENTE,2.0,230,2.0050562287507625,38.81666666666666,20.303373725045766,115.0,1.425742574257427,1.2553395519135222,COM_EQUALIZACAO
VARA DO TRABALHO DE PALHOCA,VARA DO TRABALHO DE PALHOÇA,CEDENTE,2.0,224,1.9527504140876994,32.81666666666666,17.16502484526196,112.0,-1.574257425742573,-1.3861040885711784,COM_EQUALIZACAO
VARA DO TRABALHO DE SAO BENTO DO SUL,VARA DO TRABALHO DE SÃO BENTO DO SUL,DESTINATARIA,2.0,218,1.900444599424636,26.816666666666663,14.02667596547816,109.0,-4.574257425742573,-4.027547729055879,COM_EQUALIZACAO
VARA DO TRABALHO DE SAO MIGUEL DO OESTE,VARA DO TRABALHO DE SÃO MIGUEL DO OESTE,CEDENTE,1.0,169,1.4732804463429516,-22.183333333333337,-11.603173219422894,169.0,55.42574257425743,48.80132508063813,COM_EQUALIZACAO
VARA DO TRABALHO DE TIMBO,VARA DO TRABALHO DE TIMBÓ,NEUTRA,1.0,105,0.9153517566036091,-86.18333333333334,-45.07889460378345,105.0,-8.574257425742573,-7.54947258303548,COM_EQUALIZACAO
VARA DO TRABALHO DE VIDEIRA,VARA DO TRABALHO DE VIDEIRA,NEUTRA,1.0,169,1.4732804463429516,-22.183333333333337,-11.603173219422894,169.0,55.42574257425743,48.80132508063813,COM_EQUALIZACAO
VARA DO TRABALHO DE XANXERE,VARA DO TRABALHO DE XANXERÊ,CEDENTE,1.0,179,1.5604568041147242,-12.183333333333337,-6.372591753116557,179.0,65.42574257425743,57.60613721558714,COM_EQUALIZACAO
1 VARA DO TRABALHO DE BALNEARIO CAMBORIU,1ª VARA DO TRABALHO DE BALNEÁRIO CAMBORIÚ,NEUTRA,2.0,214,1.8655740563159269,22.816666666666663,11.934443378955626,107.0,-6.574257425742573,-5.788510156045679,SEM_EQUALIZACAO
1 VARA DO TRABALHO DE BLUMENAU,1ª VARA DO TRABALHO DE BLUMENAU,DESTINATARIA,2.0,164,1.4296922674570656,-27.183333333333337,-14.218463952576062,82.0,-31.574257425742573,-27.800540493418186,SEM_EQUALIZACAO
1 VARA DO TRABALHO DE BRUSQUE,1ª VARA DO TRABALHO DE BRUSQUE,DESTINATARIA,2.0,271,2.3624792956150293,79.81666666666666,41.74875773690175,135.5,21.925742574257427,19.305204428558977,SEM_EQUALIZACAO
1 VARA DO TRABALHO DE CHAPECO,1ª VARA DO TRABALHO DE CHAPECÓ,CEDENTE,1.0,236,2.0573620434138262,44.81666666666666,23.441722604829568,236.0,122.42574257425743,107.79356638479645,SEM_EQUALIZACAO
1 VARA DO TRABALHO DE CRICIUMA,1ª VARA DO TRABALHO DE CRICIÚMA,NEUTRA,2.0,260,2.2665853020660798,68.81666666666666,35.99511812396477,130.0,16.425742574257427,14.462557754337023,SEM_EQUALIZACAO
1 VARA DO TRABALHO DE FLORIANOPOLIS,1ª VARA DO TRABALHO DE FLORIANÓPOLIS,NEUTRA,1.0,117,1.019963385929736,-74.18333333333334,-38.80219684421585,117.0,3.425742574257427,3.0163019789033227,SEM_EQUALIZACAO
1 VARA DO TRABALHO DE ITAJAI,1ª VARA DO TRABALHO DE ITAJAÍ,NEUTRA,2.0,189,1.6476331618864963,-2.183333333333337,-1.142010286810219,94.5,-19.074257425742573,-16.794525324731932,SEM_EQUALIZACAO
1 VARA DO TRABALHO DE JARAGUA DO SUL,1ª VARA DO TRABALHO DE JARAGUÁ DO SUL,NEUTRA,2.0,150,1.3076453665765844,-41.18333333333334,-21.541278005404934,75.0,-38.57425742574257,-33.96390898788248,SEM_EQUALIZACAO
1 VARA DO TRABALHO DE JOINVILLE,1ª VARA DO TRABALHO DE JOINVILLE,CEDENTE,2.0,270,2.353761659837852,78.81666666666666,41.22569959027111,135.0,21.425742574257427,18.864963821811525,SEM_EQUALIZACAO
1 VARA DO TRABALHO DE LAGES,1ª VARA DO TRABALHO DE LAGES,DESTINATARIA,1.0,85,0.7409990410600645,-106.18333333333334,-55.54005753639613,85.0,-28.574257425742573,-25.159096852933484,SEM_EQUALIZACAO
1 VARA DO TRABALHO DE RIO DO SUL,1ª VARA DO TRABALHO DE RIO DO SUL,NEUTRA,2.0,188,1.6389155261093191,-3.183333333333337,-1.6650684334408528,94.0,-19.574257425742573,-17.23476593147938,SEM_EQUALIZACAO
1 VARA DO TRABALHO DE TUBARAO,1ª VARA DO TRABALHO DE TUBARÃO,DESTINATARIA,2.0,158,1.3773864527940023,-33.18333333333334,-17.356812832359868,79.0,-34.57425742574257,-30.44198413390288,SEM_EQUALIZACAO
1 VARA DO TRABALHO SAO JOSE,1ª VARA DO TRABALHO SÃO JOSÉ,NEUTRA,2.0,220,1.9178798709789904,28.816666666666663,15.072792258739428,110.0,-3.574257425742573,-3.147066515560979,SEM_EQUALIZACAO
2 VARA DO TRABALHO DE BALNEARIO CAMBORIU,2ª VARA DO TRABALHO DE BALNEÁRIO CAMBORIÚ,NEUTRA,2.0,221,1.9265975067561676,29.816666666666663,15.595850405370063,110.5,-3.074257425742573,-2.7068259088135287,SEM_EQUALIZACAO
2 VARA DO TRABALHO DE BLUMENAU,2ª VARA DO TRABALHO DE BLUMENAU,DESTINATARIA,2.0,159,1.3861040885711795,-32.18333333333334,-16.833754685729232,79.5,-34.07425742574257,-30.001743527155433,SEM_EQUALIZACAO
2 VARA DO TRABALHO DE BRUSQUE,2ª VARA DO TRABALHO DE BRUSQUE,DESTINATARIA,1.0,141,1.2291866445819895,-50.18333333333334,-26.24880132508064,141.0,27.425742574257427,24.147851102780926,SEM_EQUALIZACAO
2 VARA DO TRABALHO DE CHAPECO,2ª VARA DO TRABALHO DE CHAPECÓ,CEDENTE,1.0,170,1.481998082120129,-21.183333333333337,-11.08011507279226,170.0,56.42574257425743,49.68180629413303,SEM_EQUALIZACAO
2 VARA DO TRABALHO DE CRICIUMA,2ª VARA DO TRABALHO DE CRICIÚMA,NEUTRA,2.0,153,1.333798273908116,-38.18333333333334,-19.972103565513034,76.5,-37.07425742574257,-32.643187167640136,SEM_EQUALIZACAO
2 VARA DO TRABALHO DE FLORIANOPOLIS,2ª VARA DO TRABALHO DE FLORIANÓPOLIS,NEUTRA,2.0,197,1.717374248103914,5.816666666666663,3.042454886234851,98.5,-15.074257425742573,-13.27260047075233,SEM_EQUALIZACAO
2 VARA DO TRABALHO DE ITAJAI,2ª VARA DO TRABALHO DE ITAJAÍ,NEUTRA,2.0,272,2.3711969313922063,80.81666666666666,42.27181588353238,136.0,22.425742574257427,19.745445035306428,SEM_EQUALIZACAO
2 VARA DO TRABALHO DE JARAGUA DO SUL,2ª VARA DO TRABALHO DE JARAGUÁ DO SUL,NEUTRA,2.0,154,1.3425159096852932,-37.18333333333334,-19.449045418882402,77.0,-36.57425742574257,-32.202946560892684,SEM_EQUALIZACAO
2 VARA DO TRABALHO DE JOINVILLE,2ª VARA DO TRABALHO DE JOINVILLE,CEDENTE,2.0,264,2.3014558451747886,72.81666666666666,38.087350710487314,132.0,18.425742574257427,16.223520181326826,SEM_EQUALIZACAO
2 VARA DO TRABALHO DE LAGES,2ª VARA DO TRABALHO DE LAGES,DESTINATARIA,2.0,91,0.7933048557231278,-100.18333333333334,-52.40170865661232,45.5,-68.07425742574257,-59.93810478598204,SEM_EQUALIZACAO
2 VARA DO TRABALHO DE RIO DO SUL,2ª VARA DO TRABALHO DE RIO DO SUL,NEUTRA,2.0,190,1.6563507976636735,-1.1833333333333371,-0.6189521401795852,95.0,-18.574257425742573,-16.354284717984484,SEM_EQUALIZACAO
2 VARA DO TRABALHO DE TUBARAO,2ª VARA DO TRABALHO DE TUBARÃO,DESTINATARIA,2.0,94,0.8194577630546596,-97.18333333333334,-50.832534216720425,47.0,-66.57425742574257,-58.617382965739694,SEM_EQUALIZACAO
2 VARA DO TRABALHO SAO JOSE,2ª VARA DO TRABALHO SÃO JOSÉ,NEUTRA,2.0,223,1.9440327783105222,31.816666666666663,16.64196669863133,111.5,-2.074257425742573,-1.8263446953186286,SEM_EQUALIZACAO
3 VARA DO TRABALHO DE BLUMENAU,3ª VARA DO TRABALHO DE BLUMENAU,DESTINATARIA,2.0,183,1.5953273472234328,-8.183333333333337,-4.280359166594021,91.5,-22.074257425742573,-19.43596896521663,SEM_EQUALIZACAO
3 VARA DO TRABALHO DE CHAPECO,3ª VARA DO TRABALHO DE CHAPECÓ,CEDENTE,1.0,180,1.5691744398919012,-11.183333333333337,-5.849533606485923,180.0,66.42574257425743,58.486618429082036,SEM_EQUALIZACAO
3 VARA DO TRABALHO DE CRICIUMA,3ª VARA DO TRABALHO DE CRICIÚMA,NEUTRA,2.0,249,2.17069130851713,57.81666666666666,30.241478511027807,124.5,10.925742574257427,9.619911080115074,SEM_EQUALIZACAO
3 VARA DO TRABALHO DE FLORIANOPOLIS,3ª VARA DO TRABALHO DE FLORIANÓPOLIS,NEUTRA,1.0,116,1.0112457501525587,-75.18333333333334,-39.32525499084648,116.0,2.425742574257427,2.1358207654084227,SEM_EQUALIZACAO
3 VARA DO TRABALHO DE ITAJAI,3ª VARA DO TRABALHO DE ITAJAÍ,NEUTRA,2.0,285,2.4845261964955108,93.81666666666666,49.07157178973062,142.5,28.925742574257427,25.468572923023274,SEM_EQUALIZACAO
3 VARA DO TRABALHO DE JOINVILLE,3ª VARA DO TRABALHO DE JOINVILLE,CEDENTE,2.0,227,1.978903321419231,35.81666666666666,18.734199285153863,113.5,-0.07425742574257299,-0.06538226832882811,SEM_EQUALIZACAO
3 VARA DO TRABALHO DE LAGES,3ª VARA DO TRABALHO DE LAGES,DESTINATARIA,2.0,103,0.8979164850492546,-88.18333333333334,-46.125010897044724,51.5,-62.07425742574257,-54.655217505012644,SEM_EQUALIZACAO
3 VARA DO TRABALHO SAO JOSE,3ª VARA DO TRABALHO SÃO JOSÉ,NEUTRA,2.0,217,1.891726963647459,25.816666666666663,13.503617818847527,108.5,-5.074257425742573,-4.467788335803329,SEM_EQUALIZACAO
4 VARA DO TRABALHO DE BLUMENAU,4ª VARA DO TRABALHO DE BLUMENAU,DESTINATARIA,2.0,163,1.4209746316798884,-28.183333333333337,-14.741522099206698,81.5,-32.07425742574257,-28.240781100165634,SEM_EQUALIZACAO
4 VARA DO TRABALHO DE CHAPECO,4ª VARA DO TRABALHO DE CHAPECÓ,CEDENTE,1.0,219,1.9091622352018132,27.816666666666663,14.549734112108794,219.0,105.42574257425743,92.82538575538314,SEM_EQUALIZACAO
4 VARA DO TRABALHO DE FLORIANOPOLIS,4ª VARA DO TRABALHO DE FLORIANÓPOLIS,NEUTRA,1.0,113,0.9850928428210269,-78.18333333333334,-40.894429430738384,113.0,-0.574257425742573,-0.5056228750762782,SEM_EQUALIZACAO
4 VARA DO TRABALHO DE JOINVILLE,4ª VARA DO TRABALHO DE JOINVILLE,CEDENTE,2.0,221,1.9265975067561676,29.816666666666663,15.595850405370063,110.5,-3.074257425742573,-2.7068259088135287,SEM_EQUALIZACAO
5 VARA DO TRABALHO DE FLORIANOPOLIS,5ª VARA DO TRABALHO DE FLORIANÓPOLIS,NEUTRA,2.0,189,1.6476331618864963,-2.183333333333337,-1.142010286810219,94.5,-19.074257425742573,-16.794525324731932,SEM_EQUALIZACAO
5 VARA DO TRABALHO DE JOINVILLE,5ª VARA DO TRABALHO DE JOINVILLE,CEDENTE,2.0,276,2.406067474500915,84.81666666666666,44.36404847005492,138.0,24.425742574257427,21.506407462296227,SEM_EQUALIZACAO
6 VARA DO TRABALHO DE FLORIANOPOLIS,6ª VARA DO TRABALHO DE FLORIANÓPOLIS,NEUTRA,2.0,199,1.734809519658269,7.816666666666663,4.088571179496118,99.5,-14.074257425742573,-12.39211925725743,SEM_EQUALIZACAO
7 VARA DO TRABALHO DE FLORIANOPOLIS,7ª VARA DO TRABALHO DE FLORIANÓPOLIS,NEUTRA,1.0,115,1.0025281143753813,-76.18333333333334,-39.84831313747711,115.0,1.425742574257427,1.2553395519135222,SEM_EQUALIZACAO
VARA DO TRABALHO DE ARARANGUA,VARA DO TRABALHO DE ARARANGUÁ,DESTINATARIA,2.0,217,1.891726963647459,25.816666666666663,13.503617818847527,108.5,-5.074257425742573,-4.467788335803329,SEM_EQUALIZACAO
VARA DO TRABALHO DE CACADOR,VARA DO TRABALHO DE CAÇADOR,NEUTRA,1.0,157,1.368668817016825,-34.18333333333334,-17.8798709789905,157.0,43.42574257425743,38.23555051869933,SEM_EQUALIZACAO
VARA DO TRABALHO DE CANOINHAS,VARA DO TRABALHO DE CANOINHAS,DESTINATARIA,2.0,122,1.063551564815622,-69.18333333333334,-36.18690611106268,61.0,-52.57425742574257,-46.29064597681109,SEM_EQUALIZACAO
VARA DO TRABALHO DE CONCORDIA,VARA DO TRABALHO DE CONCÓRDIA,CEDENTE,2.0,240,2.092232586522535,48.81666666666666,25.533955191352103,120.0,6.425742574257427,5.657745619388023,SEM_EQUALIZACAO
VARA DO TRABALHO DE CURITIBANOS,VARA DO TRABALHO DE CURITIBANOS,DESTINATARIA,1.0,109,0.950222299712318,-82.18333333333334,-42.98666201726092,109.0,-4.574257425742573,-4.027547729055879,SEM_EQUALIZACAO
VARA DO TRABALHO DE FRAIBURGO,VARA DO TRABALHO DE FRAIBURGO,DESTINATARIA,1.0,90,0.7845872199459506,-101.18333333333334,-52.92476680324296,90.0,-23.574257425742573,-20.756690785458982,SEM_EQUALIZACAO
VARA DO TRABALHO DE IMBITUBA,VARA DO TRABALHO DE IMBITUBA,CEDENTE,1.0,168,1.4645628105657746,-23.183333333333337,-12.126231366053528,168.0,54.42574257425743,47.92084386714323,SEM_EQUALIZACAO
VARA DO TRABALHO DE INDAIAL,VARA DO TRABALHO DE INDAIAL,DESTINATARIA,1.0,75,0.6538226832882922,-116.18333333333334,-60.77063900270247,75.0,-38.57425742574257,-33.96390898788248,SEM_EQUALIZACAO
VARA DO TRABALHO DE ITAPEMA,VARA DO TRABALHO DE ITAPEMA,CEDENTE,2.0,415,3.6178188475285507,223.81666666666666,117.06913085171303,207.5,93.92574257425743,82.6998518001918,SEM_EQUALIZACAO
VARA DO TRABALHO DE JOACABA,VARA DO TRABALHO DE JOAÇABA,NEUTRA,2.0,229,1.9963385929735855,37.81666666666666,19.78031557841513,114.5,0.925742574257427,0.815098945166072,SEM_EQUALIZACAO
VARA DO TRABALHO DE MAFRA,VARA DO TRABALHO DE MAFRA,DESTINATARIA,2.0,157,1.368668817016825,-34.18333333333334,-17.8798709789905,78.5,-35.07425742574257,-30.882224740650333,SEM_EQUALIZACAO
VARA DO TRABALHO DE NAVEGANTES,VARA DO TRABALHO DE NAVEGANTES,CEDENTE,2.0,318,2.772208177142359,126.81666666666666,66.33249062854154,159.0,45.42574257425743,39.99651294568913,SEM_EQUALIZACAO
VARA DO TRABALHO DE PALHOCA,VARA DO TRABALHO DE PALHOÇA,CEDENTE,2.0,270,2.353761659837852,78.81666666666666,41.22569959027111,135.0,21.425742574257427,18.864963821811525,SEM_EQUALIZACAO
VARA DO TRABALHO DE SAO BENTO DO SUL,VARA DO TRABALHO DE SÃO BENTO DO SUL,DESTINATARIA,2.0,150,1.3076453665765844,-41.18333333333334,-21.541278005404934,75.0,-38.57425742574257,-33.96390898788248,SEM_EQUALIZACAO
VARA DO TRABALHO DE SAO MIGUEL DO OESTE,VARA DO TRABALHO DE SÃO MIGUEL DO OESTE,CEDENTE,1.0,303,2.6414436404847006,111.81666666666666,58.48661842908203,303.0,189.4257425742574,166.78580768895475,SEM_EQUALIZACAO
VARA DO TRABALHO DE TIMBO,VARA DO TRABALHO DE TIMBÓ,NEUTRA,1.0,105,0.9153517566036091,-86.18333333333334,-45.07889460378345,105.0,-8.574257425742573,-7.54947258303548,SEM_EQUALIZACAO
VARA DO TRABALHO DE VIDEIRA,VARA DO TRABALHO DE VIDEIRA,NEUTRA,1.0,169,1.4732804463429516,-22.183333333333337,-11.603173219422894,169.0,55.42574257425743,48.80132508063813,SEM_EQUALIZACAO
VARA DO TRABALHO DE XANXERE,VARA DO TRABALHO DE XANXERÊ,CEDENTE,1.0,271,2.3624792956150293,79.81666666666666,41.74875773690175,271.0,157.4257425742574,138.61040885711796,SEM_EQUALIZACAO
